"(I,J,L)",time_cost,open_num,drone_num,cost1,cost2,obj,95th
"(6, 3, 3)",0.76088,2.0,3.0,600.0,702.137,1302.137,1404.915
"(9, 4, 4)",8.498740000000002,3.0,4.0,900.0,1082.8183999999999,1982.8184,2142.9955999999997
"(12, 5, 5)",89.88318000000001,4.0,5.0,1200.0,992.3618,2192.3618,2339.9175999999998
"(15, 6, 6)",816.88736,4.0,6.0,1200.0,1273.384,2473.384,2663.3979999999997
